PLAYER_NAME,TEAM_ABBREVIATION,OFF_RATING,DEF_RATING,NET_RATING,AST_PCT,AST_TO,AST_RATIO,OREB_PCT,DREB_PCT,REB_PCT,TM_TOV_PCT,EFG_PCT,TS_PCT,USG_PCT,PACE,PIE
A.J. Lawson,DAL,106.6,105.3,1.2,0.089,1.43,12.1,0.039,0.105,0.072,8.5,0.5,0.519,0.18,107.53,0.076
AJ Green,MIL,114.0,110.5,3.5,0.068,2.5,12.3,0.015,0.089,0.053,4.9,0.599,0.617,0.15,98.96,0.068
AJ Griffin,ATL,106.0,120.1,-14.0,0.041,0.63,6.6,0.011,0.108,0.055,10.5,0.371,0.382,0.167,106.84,0.017
Aaron Gordon,DEN,119.8,111.1,8.7,0.147,2.47,21.7,0.078,0.129,0.104,8.8,0.584,0.607,0.174,98.01,0.103
Aaron Holiday,HOU,110.5,107.6,2.9,0.157,2.64,22.1,0.017,0.075,0.045,8.4,0.547,0.578,0.158,102.24,0.078
Aaron Nesmith,IND,119.3,115.0,4.3,0.067,1.69,12.5,0.032,0.103,0.069,7.4,0.606,0.631,0.158,102.47,0.071
Aaron Wiggins,OKC,115.6,110.0,5.7,0.096,1.54,15.6,0.052,0.095,0.075,10.2,0.645,0.664,0.163,100.83,0.096
Adam Flagler,OKC,109.7,109.7,0.0,0.364,0.0,36.4,0.0,0.0,0.0,0.0,0.214,0.214,0.212,106.16,0.013
Adama Sanogo,CHI,115.3,93.6,21.7,0.0,0.0,0.0,0.253,0.266,0.259,13.5,0.519,0.558,0.21,104.01,0.149
Admiral Schofield,ORL,90.4,95.6,-5.2,0.163,1.4,17.9,0.035,0.149,0.094,12.8,0.5,0.484,0.167,101.85,0.063
Al Horford,BOS,120.9,109.5,11.4,0.124,3.5,25.9,0.048,0.178,0.116,7.4,0.64,0.65,0.119,98.77,0.105
Alec Burks,NYK,107.8,118.5,-10.7,0.115,1.83,11.4,0.019,0.103,0.06,6.2,0.478,0.536,0.234,100.63,0.087
Aleksej Pokusevski,CHA,103.5,113.2,-9.7,0.132,1.84,18.0,0.042,0.173,0.108,9.8,0.479,0.525,0.172,97.8,0.095
Alex Caruso,CHI,110.9,110.6,0.3,0.167,2.42,26.4,0.031,0.103,0.067,10.9,0.593,0.613,0.146,99.21,0.089
Alex Fudge,DAL,81.8,129.1,-47.3,0.0,0.0,0.0,0.087,0.029,0.062,11.1,0.433,0.472,0.176,103.84,0.052
Alex Len,SAC,116.3,100.8,15.4,0.142,1.85,28.9,0.098,0.179,0.138,15.6,0.617,0.625,0.114,101.73,0.092
Alondes Williams,MIA,57.9,110.5,-52.6,0.0,0.0,0.0,0.0,0.067,0.032,20.0,0.25,0.296,0.25,116.96,-0.067
Alperen Sengun,HOU,113.9,113.2,0.8,0.248,1.93,19.4,0.086,0.193,0.139,10.1,0.553,0.585,0.27,99.22,0.149
Amari Bailey,CHA,111.4,106.0,5.4,0.152,1.75,18.4,0.098,0.041,0.067,10.5,0.354,0.425,0.207,98.77,0.058
Amen Thompson,HOU,111.4,109.3,2.1,0.165,1.81,21.4,0.095,0.184,0.137,11.8,0.545,0.576,0.173,102.77,0.121
Amir Coffey,LAC,114.6,118.0,-3.4,0.068,2.3,15.5,0.02,0.08,0.051,6.7,0.571,0.604,0.119,100.74,0.059
Andre Drummond,CHI,114.1,113.3,0.8,0.041,0.46,5.3,0.187,0.331,0.257,11.6,0.556,0.576,0.201,97.97,0.155
Andre Jackson Jr.,MIL,112.3,119.6,-7.3,0.113,1.79,27.3,0.077,0.127,0.102,15.3,0.585,0.596,0.097,102.32,0.044
Andrew Funk,CHI,110.3,93.3,17.0,0.0,0.0,0.0,0.0,0.0,0.0,0.0,0.0,0.0,0.108,105.67,-0.045
Andrew Nembhard,IND,116.1,114.0,2.2,0.208,2.77,30.2,0.021,0.06,0.041,10.9,0.557,0.573,0.161,101.82,0.075
Andrew Wiggins,GSW,114.9,116.3,-1.3,0.087,1.37,11.1,0.055,0.105,0.08,8.1,0.511,0.544,0.206,101.06,0.078
Anfernee Simons,POR,109.9,120.5,-10.6,0.268,2.02,19.8,0.013,0.097,0.053,9.8,0.523,0.568,0.276,97.9,0.111
Anthony Black,ORL,108.0,108.9,-1.0,0.108,1.63,21.2,0.029,0.093,0.061,13.0,0.54,0.56,0.123,100.09,0.054
Anthony Davis,LAL,116.5,114.0,2.6,0.151,1.67,13.8,0.093,0.252,0.176,8.3,0.567,0.621,0.261,102.06,0.168
Anthony Edwards,MIN,115.8,108.5,7.3,0.241,1.68,16.8,0.02,0.131,0.078,10.0,0.522,0.575,0.314,98.18,0.145
Anthony Gill,WAS,113.3,112.1,1.2,0.098,1.48,14.5,0.078,0.117,0.098,9.8,0.5,0.537,0.177,104.03,0.074
Armoni Brooks,BKN,127.7,114.0,13.7,0.06,1.67,9.3,0.061,0.098,0.079,5.6,0.446,0.448,0.188,98.52,0.054
Ashton Hagans,POR,105.3,106.5,-1.1,0.244,1.8,33.1,0.041,0.101,0.069,18.4,0.465,0.51,0.144,96.51,0.068
Ausar Thompson,DET,107.7,113.1,-5.3,0.108,1.43,16.3,0.077,0.173,0.124,11.4,0.505,0.522,0.161,101.67,0.084
Austin Reaves,LAL,114.6,115.6,-1.0,0.237,2.59,26.9,0.023,0.107,0.067,10.4,0.568,0.613,0.198,101.93,0.105
Ayo Dosunmu,CHI,111.6,114.9,-3.3,0.157,2.35,21.8,0.024,0.072,0.048,9.3,0.583,0.604,0.168,98.13,0.083
Bam Adebayo,MIA,110.1,109.3,0.8,0.193,1.72,17.0,0.067,0.242,0.154,9.9,0.529,0.576,0.247,97.43,0.152
Ben Sheppard,IND,118.8,114.2,4.7,0.072,3.53,17.2,0.018,0.092,0.054,4.9,0.5,0.524,0.125,104.58,0.046
Ben Simmons,BKN,109.6,113.0,-3.4,0.306,3.19,44.3,0.08,0.241,0.158,13.9,0.581,0.571,0.126,102.24,0.119
Bennedict Mathurin,IND,115.0,117.9,-2.9,0.105,1.23,12.2,0.038,0.113,0.075,10.0,0.507,0.562,0.226,103.79,0.087
Bilal Coulibaly,WAS,107.4,118.4,-11.0,0.086,1.26,16.1,0.031,0.116,0.072,12.7,0.509,0.543,0.139,103.33,0.057
Bismack Biyombo,OKC,110.2,114.1,-3.8,0.087,1.26,21.1,0.076,0.179,0.128,16.7,0.565,0.562,0.106,99.64,0.065
Blake Wesley,SAS,104.6,112.4,-7.8,0.257,3.02,35.2,0.019,0.084,0.051,11.7,0.502,0.537,0.144,103.71,0.069
Boban Marjanovic,HOU,101.9,115.3,-13.4,0.12,1.2,12.0,0.1,0.309,0.212,10.0,0.529,0.56,0.247,106.61,0.157
Bobby Portis,MIL,115.9,116.0,-0.1,0.078,1.14,8.9,0.071,0.228,0.15,7.8,0.562,0.581,0.224,100.49,0.122
Bogdan Bogdanović,ATL,116.3,114.4,1.9,0.147,2.21,16.2,0.021,0.092,0.055,7.3,0.537,0.569,0.218,101.32,0.092
Bojan Bogdanovic,NYK,109.9,121.3,-11.4,0.102,0.96,10.3,0.015,0.092,0.052,10.7,0.551,0.581,0.242,99.57,0.083
Bol Bol,PHX,108.9,108.8,0.1,0.054,0.89,8.8,0.069,0.202,0.139,9.8,0.689,0.7,0.156,100.45,0.133
Bones Hyland,LAC,105.5,111.5,-6.0,0.269,2.11,23.3,0.009,0.088,0.049,11.0,0.474,0.49,0.241,99.78,0.081
Bradley Beal,PHX,116.2,113.2,3.0,0.215,2.02,22.3,0.033,0.099,0.068,11.0,0.582,0.607,0.224,100.08,0.106
Brandin Podziemski,GSW,117.5,111.6,5.9,0.176,3.1,27.7,0.058,0.149,0.104,8.9,0.529,0.54,0.149,100.27,0.094
Brandon Boston,LAC,102.4,118.0,-15.7,0.06,0.54,6.1,0.05,0.093,0.071,11.2,0.447,0.476,0.24,100.4,0.046
Brandon Clarke,MEM,100.7,104.6,-3.9,0.111,3.0,12.3,0.077,0.145,0.107,4.1,0.568,0.548,0.188,101.31,0.126
Brandon Ingram,NOP,116.6,112.6,4.0,0.259,2.23,21.7,0.021,0.133,0.078,9.7,0.534,0.578,0.269,98.78,0.126
Brandon Miller,CHA,108.9,119.1,-10.2,0.114,1.33,12.0,0.025,0.112,0.067,9.1,0.524,0.552,0.235,98.38,0.083
Brandon Williams,DAL,91.9,113.6,-21.7,0.258,2.43,20.0,0.028,0.076,0.05,8.2,0.398,0.439,0.239,105.68,0.069
Braxton Key,DEN,95.5,103.8,-8.3,0.231,9.0,30.0,0.049,0.242,0.146,3.3,0.471,0.536,0.148,106.43,0.143
Brice Sensabaugh,UTA,109.3,123.5,-14.2,0.134,1.17,16.3,0.027,0.151,0.088,13.9,0.468,0.511,0.201,101.44,0.065
Brook Lopez,MIL,117.1,111.9,5.2,0.071,1.61,12.5,0.049,0.11,0.081,7.8,0.583,0.608,0.156,102.16,0.083
Bruce Brown,TOR,115.6,121.4,-5.8,0.132,2.23,20.9,0.028,0.126,0.077,9.3,0.523,0.563,0.161,102.72,0.076
Bruno Fernando,ATL,107.5,113.9,-6.4,0.1,1.05,14.4,0.088,0.201,0.144,13.8,0.583,0.615,0.172,99.37,0.096
Bryce McGowens,CHA,103.3,116.3,-13.0,0.086,1.7,14.6,0.019,0.098,0.058,8.6,0.513,0.565,0.147,99.37,0.06
Buddy Boeheim,DET,114.2,104.0,10.2,0.054,0.0,8.3,0.034,0.073,0.054,0.0,0.448,0.509,0.161,99.71,0.057
Buddy Hield,PHI,116.9,115.7,1.1,0.143,2.29,19.5,0.027,0.098,0.062,8.5,0.565,0.578,0.186,101.65,0.083
CJ McCollum,NOP,115.9,112.2,3.7,0.209,2.77,19.9,0.018,0.116,0.067,7.2,0.572,0.592,0.244,99.19,0.118
Cade Cunningham,DET,109.9,117.8,-7.9,0.359,2.19,23.8,0.016,0.115,0.064,10.9,0.5,0.546,0.298,100.77,0.126
Caleb Houstan,ORL,109.4,111.2,-1.8,0.051,1.81,11.2,0.034,0.067,0.05,6.2,0.563,0.582,0.122,96.61,0.051
Caleb Martin,MIA,113.0,111.1,1.9,0.118,1.86,17.4,0.042,0.119,0.08,9.4,0.504,0.531,0.168,96.41,0.075
Cam Reddish,LAL,109.7,112.5,-2.8,0.062,1.55,14.2,0.028,0.071,0.05,9.2,0.468,0.504,0.123,103.36,0.044
Cam Thomas,BKN,111.5,116.7,-5.2,0.151,1.55,11.7,0.013,0.089,0.05,7.6,0.503,0.554,0.296,99.74,0.105
Cam Whitmore,HOU,110.6,111.6,-1.0,0.058,0.72,5.5,0.044,0.148,0.094,7.7,0.539,0.561,0.255,103.65,0.11
Cameron Johnson,BKN,111.5,114.9,-3.4,0.129,2.42,16.1,0.032,0.124,0.076,6.7,0.557,0.582,0.19,98.52,0.097
Cameron Payne,PHI,112.4,113.2,-0.8,0.222,3.11,26.3,0.016,0.073,0.044,8.5,0.541,0.566,0.185,100.61,0.083
Caris LeVert,CLE,113.9,111.2,2.8,0.258,2.96,25.1,0.02,0.121,0.071,8.5,0.487,0.524,0.224,99.71,0.107
Cason Wallace,OKC,113.9,110.0,3.9,0.092,2.67,19.2,0.032,0.077,0.056,7.2,0.602,0.612,0.127,101.56,0.071
Cedi Osman,SAS,106.0,119.2,-13.2,0.131,2.53,20.8,0.018,0.122,0.068,8.2,0.591,0.601,0.146,104.29,0.077
Charles Bassey,SAS,105.1,116.7,-11.6,0.136,1.4,26.9,0.102,0.265,0.178,19.2,0.725,0.739,0.11,105.69,0.116
Charlie Brown Jr.,NYK,104.1,105.1,-1.0,0.0,0.0,0.0,0.025,0.027,0.026,16.7,0.3,0.3,0.145,97.2,-0.047
Chet Holmgren,OKC,118.2,109.2,9.0,0.112,1.53,14.3,0.056,0.198,0.132,9.3,0.598,0.632,0.21,102.8,0.133
Chimezie Metu,DET,105.5,112.0,-6.6,0.08,0.88,12.4,0.05,0.177,0.115,14.0,0.561,0.61,0.162,100.26,0.1
Chris Boucher,TOR,116.0,113.6,2.4,0.044,0.82,7.5,0.084,0.202,0.142,9.1,0.578,0.625,0.167,99.35,0.106
Chris Duarte,SAC,110.4,113.5,-3.1,0.082,1.69,14.9,0.034,0.113,0.072,8.8,0.486,0.512,0.146,99.83,0.052
Chris Livingston,MIL,102.5,116.8,-14.3,0.075,1.0,14.7,0.037,0.222,0.13,14.7,0.523,0.547,0.136,104.18,0.053
Chris Paul,GSW,113.7,111.0,2.8,0.342,5.17,41.1,0.011,0.126,0.07,7.9,0.525,0.544,0.154,99.68,0.116
Christian Braun,DEN,110.0,109.3,0.7,0.109,2.4,18.1,0.046,0.126,0.087,7.5,0.525,0.554,0.152,98.91,0.084
Christian Wood,LAL,109.9,109.9,0.0,0.079,0.98,12.1,0.048,0.226,0.144,12.3,0.532,0.568,0.173,101.73,0.101
Chuma Okeke,ORL,99.5,106.8,-7.3,0.076,1.25,13.2,0.039,0.145,0.089,10.6,0.46,0.465,0.131,97.51,0.066
Clint Capela,ATL,115.5,115.6,-0.1,0.067,1.23,10.4,0.157,0.232,0.192,8.5,0.571,0.59,0.167,101.78,0.121
Coby White,CHI,115.0,115.8,-0.7,0.204,2.44,21.4,0.015,0.11,0.062,8.8,0.534,0.57,0.224,97.52,0.099
Cody Martin,CHA,106.5,117.0,-10.5,0.192,2.36,27.6,0.024,0.124,0.072,11.7,0.444,0.46,0.157,98.04,0.066
Cody Zeller,NOP,114.3,108.0,6.3,0.149,2.44,29.1,0.133,0.185,0.158,11.9,0.427,0.483,0.116,104.95,0.075
Colby Jones,SAC,104.8,103.3,1.5,0.159,2.0,19.0,0.076,0.12,0.097,9.5,0.408,0.422,0.178,99.51,0.053
Cole Anthony,ORL,112.6,110.0,2.6,0.2,1.87,19.4,0.036,0.14,0.088,10.3,0.496,0.545,0.232,97.46,0.109
Cole Swider,MIA,98.9,110.0,-11.1,0.102,0.63,9.6,0.011,0.075,0.04,15.4,0.526,0.54,0.226,99.54,0.057
Colin Castleton,LAL,82.4,117.6,-35.2,0.107,1.0,12.0,0.094,0.118,0.104,12.0,0.563,0.644,0.157,101.56,0.078
Collin Gillespie,DEN,111.7,109.2,2.5,0.164,1.93,23.5,0.004,0.085,0.045,12.2,0.572,0.586,0.166,99.78,0.071
Collin Sexton,UTA,117.0,120.4,-3.4,0.283,2.32,22.0,0.033,0.064,0.049,9.5,0.549,0.607,0.267,101.71,0.12
Corey Kispert,WAS,108.7,119.4,-10.7,0.111,1.6,14.1,0.014,0.091,0.052,8.8,0.602,0.62,0.191,103.61,0.084
Cory Joseph,GSW,114.2,117.2,-3.0,0.174,3.5,34.7,0.019,0.083,0.05,9.9,0.461,0.47,0.108,102.2,0.042
Craig Porter Jr.,CLE,111.7,113.4,-1.6,0.265,2.62,28.4,0.035,0.138,0.088,10.8,0.535,0.564,0.201,97.17,0.113
D'Angelo Russell,LAL,116.5,113.9,2.6,0.261,3.09,26.8,0.012,0.079,0.047,8.7,0.56,0.588,0.222,102.97,0.103
D'Moi Hodge,LAL,86.4,130.6,-44.2,0.227,5.0,22.7,0.0,0.0,0.0,4.5,0.433,0.441,0.172,100.67,0.027
D.J. Carton,TOR,81.5,122.8,-41.3,0.15,3.0,21.4,0.051,0.043,0.047,7.1,0.438,0.539,0.125,108.07,0.06
D.J. Wilson,ORL,120.0,117.2,2.8,0.222,0.0,25.0,0.083,0.071,0.077,0.0,0.833,0.833,0.182,91.55,0.172
DaQuan Jeffries,NYK,87.6,95.0,-7.4,0.185,1.67,19.2,0.0,0.096,0.046,11.5,0.412,0.391,0.193,102.84,0.038
Daishen Nix,MIN,119.3,99.1,20.2,0.14,1.2,15.8,0.018,0.043,0.029,13.2,0.5,0.507,0.241,112.81,0.068
Dalano Banton,POR,104.5,114.7,-10.2,0.2,1.65,16.8,0.036,0.13,0.081,10.2,0.463,0.504,0.25,98.51,0.1
Dalen Terry,CHI,112.9,110.7,2.2,0.151,2.53,27.9,0.042,0.124,0.083,11.0,0.494,0.512,0.127,99.32,0.063
Damian Jones,CLE,94.0,112.6,-18.7,0.097,1.15,14.0,0.075,0.167,0.12,12.1,0.618,0.659,0.149,96.63,0.115
Damian Lillard,MIL,119.4,112.4,6.9,0.284,2.63,23.2,0.014,0.102,0.06,8.8,0.51,0.59,0.274,102.06,0.132
Daniel Gafford,DAL,113.9,116.0,-2.2,0.083,1.55,15.4,0.105,0.186,0.147,9.9,0.725,0.731,0.145,103.3,0.121
Daniel Theis,LAC,115.6,113.2,2.4,0.081,1.45,14.6,0.084,0.15,0.117,10.0,0.577,0.597,0.15,99.85,0.084
Danilo Gallinari,MIL,109.1,117.5,-8.4,0.127,2.39,18.0,0.032,0.146,0.088,7.5,0.516,0.601,0.171,101.41,0.093
Danny Green,PHI,114.6,120.5,-5.9,0.056,0.0,33.3,0.0,0.111,0.056,0.0,0.0,0.0,0.043,104.07,0.012
Danté Exum,DAL,120.7,110.5,10.3,0.181,3.2,29.1,0.023,0.108,0.067,9.1,0.621,0.645,0.148,101.9,0.093
Danuel House Jr.,PHI,109.9,107.7,2.3,0.075,1.47,16.4,0.03,0.081,0.055,11.1,0.519,0.575,0.116,101.74,0.053
Dario Šarić,GSW,113.7,115.3,-1.6,0.187,1.85,22.1,0.063,0.192,0.126,12.0,0.562,0.6,0.19,100.0,0.111
Dariq Whitehead,BKN,110.9,153.7,-42.8,0.143,0.0,33.3,0.0,0.19,0.078,0.0,0.2,0.255,0.094,109.08,0.035
Darius Bazley,UTA,114.0,125.2,-11.3,0.062,0.88,14.0,0.051,0.132,0.091,16.0,0.633,0.68,0.118,99.27,0.089
Darius Garland,CLE,113.5,111.4,2.1,0.295,2.12,25.5,0.017,0.064,0.041,12.0,0.524,0.56,0.249,98.02,0.104
David Duke Jr.,SAS,115.3,110.9,4.4,0.132,1.67,18.5,0.042,0.14,0.095,11.1,0.639,0.673,0.179,103.29,0.114
David Roddy,PHX,104.3,113.6,-9.3,0.102,1.4,13.9,0.042,0.134,0.087,9.9,0.462,0.484,0.177,101.1,0.068
Davion Mitchell,SAC,109.5,112.1,-2.6,0.168,3.12,25.9,0.017,0.071,0.043,8.3,0.54,0.555,0.147,100.05,0.064
Davis Bertans,CHA,107.0,114.2,-7.2,0.076,1.94,11.7,0.013,0.081,0.046,6.0,0.556,0.583,0.169,98.52,0.069
Day'Ron Sharpe,BKN,112.8,108.0,4.8,0.137,1.21,17.0,0.163,0.235,0.199,14.0,0.578,0.596,0.185,99.62,0.131
De'Aaron Fox,SAC,116.6,112.3,4.3,0.244,2.15,17.8,0.024,0.104,0.062,8.3,0.534,0.567,0.3,101.7,0.128
De'Andre Hunter,ATL,116.7,117.9,-1.3,0.073,1.05,9.5,0.018,0.116,0.066,9.1,0.547,0.595,0.204,101.11,0.079
De'Anthony Melton,PHI,122.0,112.0,10.0,0.144,2.92,20.8,0.027,0.111,0.069,7.1,0.493,0.533,0.177,101.13,0.079
DeAndre Jordan,DEN,105.2,115.9,-10.7,0.098,1.13,15.8,0.126,0.237,0.182,13.9,0.624,0.61,0.147,97.52,0.11
DeJon Jarreau,MEM,102.9,107.5,-4.6,0.257,2.89,28.9,0.043,0.238,0.13,10.0,0.38,0.392,0.171,100.95,0.09
DeMar DeRozan,CHI,113.5,114.6,-1.0,0.22,3.12,19.4,0.014,0.101,0.057,6.2,0.507,0.584,0.252,97.94,0.129
Dean Wade,CLE,111.9,103.5,8.3,0.052,2.15,14.0,0.033,0.154,0.094,6.5,0.584,0.598,0.101,99.94,0.073
Deandre Ayton,POR,106.6,115.3,-8.7,0.086,0.91,9.3,0.096,0.25,0.171,10.2,0.571,0.587,0.211,97.76,0.141
Dejounte Murray,ATL,116.8,119.5,-2.7,0.274,2.5,22.1,0.021,0.13,0.072,8.8,0.528,0.555,0.259,101.33,0.122
Delon Wright,MIA,110.7,109.7,1.0,0.213,8.5,34.8,0.025,0.089,0.057,4.1,0.46,0.505,0.127,101.07,0.093
Deni Avdija,WAS,109.7,116.2,-6.5,0.174,1.79,21.0,0.036,0.192,0.115,11.8,0.56,0.597,0.196,105.06,0.109
Dennis Schröder,BKN,112.6,115.4,-2.8,0.281,3.19,29.5,0.015,0.082,0.048,9.2,0.509,0.55,0.202,98.44,0.095
Dennis Smith Jr.,BKN,109.9,109.9,-0.1,0.276,2.99,32.0,0.046,0.108,0.076,10.7,0.482,0.508,0.174,98.64,0.092
Dereck Lively II,DAL,120.6,115.6,5.0,0.06,1.2,13.6,0.106,0.179,0.144,11.4,0.747,0.728,0.124,100.89,0.102
Dereon Seabron,NOP,118.8,92.5,26.3,0.116,0.0,23.8,0.021,0.082,0.058,0.0,0.346,0.448,0.122,103.26,0.069
Derrick Jones Jr.,DAL,114.0,112.3,1.7,0.055,1.15,10.8,0.045,0.089,0.067,9.4,0.566,0.592,0.146,101.9,0.068
Derrick Rose,MEM,103.9,107.7,-3.8,0.31,2.52,27.3,0.017,0.089,0.053,10.8,0.506,0.54,0.222,101.51,0.108
Derrick White,BOS,122.4,109.9,12.5,0.209,3.37,27.1,0.022,0.1,0.063,8.1,0.578,0.611,0.183,99.48,0.106
Desmond Bane,MEM,108.2,115.4,-7.2,0.272,2.05,19.5,0.023,0.104,0.062,9.5,0.552,0.589,0.273,100.82,0.128
Devin Booker,PHX,119.3,113.5,5.8,0.299,2.65,22.1,0.024,0.098,0.063,8.3,0.55,0.611,0.289,99.96,0.142
Devin Vassell,SAS,108.5,114.6,-6.0,0.192,2.56,18.3,0.012,0.102,0.056,7.1,0.55,0.578,0.229,102.42,0.112
Devonte' Graham,SAS,108.9,105.6,3.3,0.219,2.88,27.2,0.016,0.095,0.055,9.4,0.468,0.495,0.175,101.62,0.077
Dexter Dennis,DAL,89.0,100.0,-11.0,0.364,1.33,15.4,0.025,0.211,0.115,11.5,0.553,0.541,0.278,118.13,0.164
Dillon Brooks,HOU,113.6,113.6,0.0,0.074,1.35,11.4,0.023,0.084,0.053,8.4,0.515,0.549,0.176,100.0,0.056
Dmytro Skapintsev,NYK,75.0,60.0,15.0,0.0,0.0,0.0,0.0,0.0,0.0,0.0,0.0,0.0,0.25,101.25,-0.167
Domantas Sabonis,SAC,116.0,115.2,0.8,0.334,2.47,30.8,0.097,0.295,0.192,12.4,0.609,0.637,0.22,99.61,0.169
Dominick Barlow,SAS,113.3,117.8,-4.5,0.114,4.0,20.2,0.098,0.167,0.13,5.1,0.509,0.548,0.139,101.2,0.084
Donovan Mitchell,CLE,115.9,108.6,7.3,0.268,2.16,19.5,0.024,0.116,0.071,9.0,0.545,0.595,0.301,99.82,0.15
Donte DiVincenzo,NYK,117.9,114.2,3.7,0.133,1.91,15.7,0.026,0.102,0.063,8.2,0.584,0.597,0.209,97.11,0.098
Dorian Finney-Smith,BKN,111.0,113.2,-2.2,0.077,1.81,15.3,0.053,0.107,0.079,8.4,0.535,0.546,0.132,98.25,0.062
Doug McDermott,IND,111.6,120.9,-9.3,0.097,2.5,18.0,0.011,0.054,0.032,7.2,0.599,0.6,0.144,103.67,0.054
Draymond Green,GSW,115.6,110.7,4.9,0.276,2.46,38.1,0.05,0.2,0.127,15.5,0.566,0.587,0.148,103.22,0.108
Drew Eubanks,PHX,108.3,112.3,-4.1,0.079,1.03,15.0,0.09,0.176,0.135,14.6,0.607,0.645,0.129,99.66,0.099
Drew Peterson,BOS,132.0,116.0,16.0,0.045,1.0,12.5,0.0,0.042,0.022,12.5,0.917,0.917,0.123,105.8,0.088
Dru Smith,MIA,97.4,112.5,-15.0,0.187,2.8,26.4,0.041,0.058,0.049,9.4,0.561,0.576,0.128,99.74,0.083
Duncan Robinson,MIA,111.5,111.0,0.5,0.151,2.02,19.3,0.008,0.084,0.046,9.5,0.589,0.612,0.184,98.06,0.082
Duop Reath,POR,109.6,116.8,-7.1,0.088,1.29,10.2,0.069,0.138,0.101,7.9,0.549,0.571,0.202,98.42,0.088
Dwight Powell,DAL,114.7,114.4,0.3,0.128,2.63,32.2,0.109,0.139,0.124,12.3,0.684,0.716,0.087,102.57,0.079
Dylan Windler,ATL,107.5,112.1,-4.6,0.133,5.0,23.8,0.03,0.109,0.073,4.8,0.717,0.717,0.129,101.61,0.101
Dyson Daniels,NOP,115.0,111.7,3.3,0.157,2.78,29.4,0.046,0.126,0.086,10.6,0.514,0.529,0.123,100.03,0.08
E.J. Liddell,NOP,98.1,109.8,-11.7,0.067,0.5,10.0,0.0,0.217,0.106,20.0,0.167,0.291,0.148,108.13,0.045
Emoni Bates,CLE,93.3,124.0,-30.7,0.12,1.25,14.5,0.007,0.11,0.054,11.6,0.408,0.404,0.196,97.76,0.03
Eric Gordon,PHX,115.6,112.2,3.5,0.1,1.9,16.2,0.009,0.052,0.032,8.5,0.565,0.58,0.162,100.41,0.07
Eugene Omoruyi,WAS,100.1,114.2,-14.1,0.141,1.67,14.3,0.078,0.13,0.102,8.6,0.524,0.549,0.208,108.62,0.09
Evan Fournier,DET,97.8,109.9,-12.1,0.131,2.29,15.9,0.008,0.088,0.048,7.0,0.432,0.464,0.187,100.82,0.06
Evan Mobley,CLE,111.2,110.1,1.2,0.155,1.78,18.2,0.074,0.221,0.15,10.3,0.6,0.626,0.2,100.58,0.139
Filip Petrusev,PHI,110.0,80.0,30.0,0.0,0.0,0.0,0.0,0.083,0.056,0.0,0.5,0.521,0.15,103.11,0.026
Frank Ntilikina,CHA,121.3,121.1,0.2,0.108,4.0,26.7,0.021,0.111,0.065,6.7,0.167,0.253,0.111,100.14,0.007
Franz Wagner,ORL,112.5,108.2,4.3,0.183,1.96,16.5,0.031,0.137,0.084,8.4,0.525,0.575,0.25,98.46,0.131
Fred VanVleet,HOU,114.6,111.6,3.0,0.312,4.67,32.4,0.012,0.089,0.05,6.9,0.527,0.568,0.194,99.44,0.118
Furkan Korkmaz,PHI,116.5,110.2,6.4,0.108,2.5,21.2,0.013,0.087,0.049,8.5,0.487,0.519,0.126,104.27,0.061
GG Jackson,MEM,104.3,111.4,-7.1,0.082,0.91,7.8,0.04,0.114,0.076,8.6,0.519,0.554,0.238,100.0,0.095
Gabe Vincent,LAL,109.8,103.0,6.8,0.126,4.2,27.6,0.019,0.022,0.02,6.6,0.337,0.341,0.105,103.55,0.014
Garrett Temple,TOR,100.3,113.4,-13.1,0.14,2.0,21.4,0.058,0.093,0.075,10.7,0.449,0.502,0.147,101.65,0.059
Garrison Mathews,ATL,111.8,115.8,-4.0,0.049,1.95,12.5,0.017,0.079,0.047,6.4,0.644,0.665,0.11,101.65,0.047
Gary Harris,ORL,113.6,110.3,3.3,0.09,2.81,20.2,0.019,0.055,0.037,7.2,0.569,0.587,0.114,98.53,0.057
Gary Payton II,GSW,114.7,108.9,5.8,0.094,1.78,17.9,0.066,0.097,0.081,10.1,0.617,0.621,0.13,103.5,0.078
Gary Trent Jr.,TOR,113.7,118.2,-4.6,0.084,2.53,11.4,0.012,0.083,0.047,4.5,0.531,0.548,0.195,100.18,0.077
Georges Niang,CLE,114.4,113.9,0.6,0.075,1.36,11.9,0.012,0.138,0.076,8.7,0.567,0.583,0.173,98.61,0.069
Giannis Antetokounmpo,MIL,119.8,113.2,6.6,0.314,1.9,19.6,0.077,0.237,0.159,10.3,0.624,0.649,0.32,102.1,0.197
Goga Bitadze,ORL,112.1,110.3,1.8,0.117,1.8,21.4,0.11,0.187,0.148,11.9,0.608,0.629,0.129,97.85,0.113
Gordon Hayward,OKC,112.0,118.0,-6.0,0.17,2.39,23.3,0.03,0.116,0.072,9.7,0.51,0.548,0.175,100.51,0.087
Gradey Dick,TOR,105.1,119.1,-13.9,0.078,1.36,11.6,0.02,0.085,0.051,8.6,0.524,0.546,0.167,102.01,0.059
Grant Williams,CHA,110.8,116.6,-5.7,0.114,1.6,18.4,0.04,0.11,0.075,11.5,0.56,0.588,0.157,99.74,0.065
Grayson Allen,PHX,119.0,113.9,5.1,0.117,2.39,21.3,0.021,0.094,0.059,8.9,0.649,0.679,0.143,99.96,0.087
Greg Brown III,DAL,101.1,110.6,-9.6,0.138,1.0,17.4,0.064,0.122,0.094,17.4,0.5,0.501,0.178,113.53,0.044
Gui Santos,GSW,113.4,110.1,3.4,0.097,2.0,16.7,0.079,0.153,0.115,8.3,0.6,0.656,0.142,101.95,0.101
Hamidou Diallo,WAS,81.8,50.0,31.8,0.333,1.0,25.0,0.182,0.0,0.125,25.0,0.5,0.5,0.188,106.11,0.261
Harrison Barnes,SAC,114.1,115.7,-1.7,0.056,1.71,10.3,0.027,0.079,0.052,6.0,0.576,0.611,0.154,100.69,0.073
Harry Giles III,LAL,107.5,123.3,-15.8,0.088,1.0,9.0,0.103,0.178,0.138,9.0,0.49,0.503,0.233,103.76,0.081
Haywood Highsmith,MIA,110.1,109.0,1.1,0.074,2.06,15.6,0.048,0.107,0.078,7.6,0.581,0.587,0.121,97.7,0.067
Henri Drell,CHI,120.6,113.4,7.2,0.154,2.0,23.5,0.029,0.111,0.065,11.8,0.5,0.506,0.155,108.3,0.043
Herbert Jones,NOP,116.4,111.0,5.5,0.112,2.14,20.9,0.033,0.084,0.059,9.8,0.595,0.636,0.141,98.85,0.076
Hunter Tyson,DEN,100.9,98.1,2.7,0.059,1.0,8.3,0.022,0.148,0.09,8.3,0.5,0.5,0.186,110.55,0.038
Ibou Badji,POR,95.5,112.3,-16.8,0.088,0.87,23.2,0.081,0.14,0.109,26.8,0.636,0.623,0.079,100.97,0.033
Immanuel Quickley,TOR,113.2,114.2,-1.0,0.245,3.28,23.1,0.008,0.12,0.064,7.1,0.53,0.577,0.233,100.43,0.119
Isaac Okoro,CLE,113.1,110.7,2.4,0.095,2.44,18.3,0.036,0.072,0.054,7.5,0.577,0.599,0.136,98.24,0.067
Isaiah Hartenstein,NYK,120.3,110.3,10.0,0.127,2.02,26.6,0.129,0.201,0.165,13.2,0.645,0.67,0.116,97.89,0.113
Isaiah Jackson,IND,114.5,111.7,2.7,0.085,1.28,13.7,0.121,0.187,0.154,10.7,0.665,0.689,0.165,104.64,0.122
Isaiah Joe,OKC,116.6,107.5,9.1,0.093,2.11,15.2,0.022,0.098,0.061,7.2,0.609,0.626,0.157,103.43,0.09
Isaiah Livers,DET,106.1,125.4,-19.3,0.071,1.56,15.2,0.03,0.073,0.05,9.7,0.44,0.46,0.122,103.54,0.026
Isaiah Mobley,CLE,93.8,113.8,-20.0,0.14,3.0,18.8,0.041,0.115,0.074,6.3,0.479,0.471,0.16,96.44,0.058
Isaiah Stewart,DET,110.3,114.5,-4.2,0.069,1.11,13.1,0.053,0.161,0.107,11.8,0.575,0.6,0.143,100.63,0.081
Isaiah Thomas,PHX,90.5,133.3,-42.9,0.25,0.0,23.1,0.0,0.0,0.0,0.0,0.4,0.4,0.227,100.29,0.047
Isaiah Wong,IND,75.0,122.2,-47.2,0.0,0.0,0.0,0.0,0.0,0.0,0.0,0.333,0.333,0.375,95.25,0.0
Ish Smith,CHA,101.7,119.2,-17.5,0.268,3.09,41.2,0.014,0.094,0.051,13.4,0.43,0.435,0.119,100.59,0.057
Ish Wainright,PHX,78.5,84.8,-6.3,0.029,0.5,3.6,0.038,0.169,0.097,7.1,0.438,0.462,0.166,108.48,0.089
Ivica Zubac,LAC,117.1,112.4,4.7,0.075,1.18,12.1,0.117,0.235,0.179,10.3,0.649,0.671,0.165,96.89,0.125
Izaiah Brockington,NOP,150.0,100.0,50.0,0.0,0.0,0.0,0.125,0.167,0.143,0.0,0.4,0.4,0.385,120.59,0.128
JD Davison,BOS,112.8,83.1,29.6,0.303,5.0,38.5,0.048,0.16,0.109,7.7,0.542,0.581,0.16,107.66,0.145
JT Thor,CHA,107.5,110.7,-3.2,0.052,1.93,12.3,0.053,0.132,0.091,6.4,0.514,0.519,0.113,99.86,0.059
Ja Morant,MEM,111.0,111.1,-0.2,0.384,2.7,24.5,0.019,0.134,0.077,9.1,0.512,0.57,0.296,101.08,0.157
JaVale McGee,SAC,108.5,110.4,-1.9,0.076,0.5,8.4,0.115,0.235,0.175,16.8,0.602,0.609,0.214,105.02,0.127
Jabari Smith Jr.,HOU,111.9,113.8,-1.9,0.071,1.36,10.8,0.053,0.191,0.121,7.9,0.537,0.571,0.174,99.8,0.099
Jabari Walker,POR,107.1,116.5,-9.5,0.062,1.08,9.9,0.082,0.222,0.147,9.2,0.5,0.546,0.159,98.44,0.093
Jack White,OKC,89.1,111.1,-22.1,0.024,0.5,5.3,0.047,0.136,0.083,10.5,0.188,0.188,0.11,102.56,0.011
Jacob Gilyard,BKN,105.8,117.7,-12.0,0.29,4.57,43.2,0.012,0.056,0.033,9.5,0.57,0.573,0.112,97.53,0.077
Jacob Toppin,NYK,98.7,118.4,-19.8,0.143,3.0,21.4,0.077,0.148,0.106,7.1,0.611,0.658,0.133,94.99,0.09
Jaden Hardy,DAL,108.1,114.5,-6.5,0.17,1.76,15.9,0.019,0.11,0.064,9.1,0.492,0.517,0.238,103.38,0.081
Jaden Ivey,DET,109.9,117.7,-7.7,0.196,1.56,18.6,0.038,0.081,0.059,11.9,0.492,0.536,0.244,101.74,0.076
Jaden McDaniels,MIN,114.2,110.4,3.8,0.067,1.16,11.9,0.028,0.078,0.054,10.2,0.557,0.571,0.156,97.36,0.056
Jaden Springer,BOS,112.4,112.9,-0.5,0.121,1.29,17.9,0.064,0.093,0.078,13.8,0.432,0.49,0.167,99.98,0.055
Jae Crowder,MIL,112.3,114.9,-2.6,0.076,2.87,17.7,0.026,0.113,0.069,6.2,0.53,0.546,0.113,101.49,0.059
Jae'Sean Tate,HOU,110.1,105.0,5.1,0.085,1.73,18.4,0.055,0.127,0.09,10.7,0.522,0.538,0.115,101.59,0.059
Jahmi'us Ramsey,TOR,100.4,110.8,-10.4,0.103,1.14,13.6,0.033,0.13,0.085,11.9,0.512,0.538,0.18,102.87,0.085
Jaime Jaquez Jr.,MIA,113.1,110.4,2.8,0.137,1.77,18.1,0.039,0.094,0.067,10.2,0.536,0.574,0.181,98.22,0.084
Jake LaRavia,MEM,105.2,111.9,-6.7,0.116,1.29,12.8,0.056,0.093,0.074,9.9,0.477,0.54,0.201,99.45,0.083
Jakob Poeltl,TOR,113.6,114.2,-0.6,0.131,1.65,20.3,0.11,0.214,0.162,12.3,0.656,0.653,0.16,100.54,0.117
Jalen Brunson,NYK,121.2,112.6,8.6,0.315,2.79,20.5,0.015,0.088,0.051,7.4,0.543,0.592,0.311,96.68,0.156
Jalen Crutcher,NOP,120.0,100.0,20.0,0.0,0.0,0.0,0.0,0.0,0.0,0.0,0.0,0.0,0.167,90.57,-0.08
Jalen Duren,DET,109.3,117.0,-7.6,0.123,1.14,16.0,0.105,0.285,0.194,14.1,0.619,0.653,0.181,101.02,0.137
Jalen Green,HOU,113.8,113.8,0.0,0.17,1.52,14.8,0.015,0.143,0.078,9.7,0.498,0.541,0.27,100.26,0.111
Jalen Hood-Schifino,LAL,88.9,111.9,-23.0,0.129,0.89,11.1,0.017,0.096,0.057,12.5,0.244,0.316,0.242,103.5,-0.018
Jalen Johnson,ATL,113.3,115.2,-1.9,0.154,2.01,19.0,0.036,0.211,0.122,9.5,0.562,0.584,0.184,103.77,0.117
Jalen McDaniels,TOR,100.9,115.0,-14.1,0.105,1.23,13.7,0.031,0.11,0.069,11.1,0.376,0.412,0.179,101.84,0.036
Jalen Pickett,DEN,102.3,104.8,-2.4,0.25,2.33,31.3,0.009,0.1,0.057,13.4,0.557,0.571,0.164,100.31,0.076
Jalen Slawson,SAC,105.3,114.9,-9.5,0.071,1.0,20.0,0.027,0.162,0.095,20.0,0.667,0.667,0.088,96.71,0.046
Jalen Smith,IND,119.5,118.6,1.0,0.078,1.43,11.6,0.104,0.219,0.16,8.1,0.67,0.682,0.187,102.98,0.124
Jalen Suggs,ORL,111.8,110.8,1.0,0.147,1.55,18.3,0.024,0.095,0.058,11.8,0.578,0.602,0.191,99.85,0.088
Jalen Williams,OKC,117.7,108.9,8.8,0.202,2.62,21.0,0.017,0.102,0.062,8.0,0.592,0.621,0.232,102.94,0.123
Jalen Wilson,BKN,111.4,113.0,-1.6,0.095,2.37,17.2,0.068,0.128,0.097,7.3,0.492,0.537,0.138,97.01,0.075
Jamal Cain,MIA,105.4,108.8,-3.4,0.056,1.25,9.3,0.058,0.087,0.072,7.4,0.5,0.544,0.158,100.78,0.068
Jamal Murray,DEN,120.7,112.4,8.2,0.296,3.07,24.6,0.024,0.105,0.066,8.0,0.554,0.586,0.273,97.75,0.137
Jamaree Bouyea,SAS,94.0,101.5,-7.5,0.183,1.22,22.9,0.028,0.17,0.094,18.8,0.375,0.375,0.162,100.65,0.041
James Bouknight,CHA,107.8,115.2,-7.3,0.125,3.0,12.0,0.012,0.118,0.06,4.0,0.598,0.597,0.24,98.2,0.111
James Harden,LAC,120.9,115.2,5.6,0.338,3.32,35.1,0.015,0.134,0.077,10.6,0.541,0.612,0.202,96.87,0.131
James Johnson,IND,112.6,108.8,3.8,0.186,1.6,33.3,0.021,0.075,0.045,20.8,0.3,0.368,0.137,104.25,0.019
James Wiseman,DET,104.8,118.2,-13.4,0.077,0.82,11.6,0.096,0.207,0.15,14.1,0.613,0.637,0.158,102.13,0.097
Jarace Walker,IND,117.3,114.6,2.7,0.138,2.35,23.4,0.036,0.159,0.096,9.9,0.509,0.527,0.155,104.41,0.08
Jared Butler,WAS,107.6,111.4,-3.8,0.321,2.52,32.1,0.015,0.083,0.049,12.8,0.547,0.579,0.194,103.36,0.103
Jared Rhoden,DET,105.7,115.0,-9.4,0.085,2.0,15.4,0.012,0.123,0.068,7.7,0.591,0.597,0.135,99.72,0.068
Jaren Jackson Jr.,MEM,106.6,113.9,-7.3,0.133,0.96,9.3,0.037,0.132,0.083,9.7,0.495,0.553,0.302,100.01,0.111
Jarred Vanderbilt,LAL,113.6,109.4,4.2,0.077,1.29,18.7,0.073,0.164,0.12,14.5,0.553,0.578,0.111,103.85,0.077
Jarrett Allen,CLE,115.5,110.7,4.8,0.128,1.74,16.3,0.103,0.231,0.168,9.4,0.634,0.664,0.191,98.66,0.149
Jason Preston,UTA,120.4,105.3,15.1,0.25,8.0,43.2,0.082,0.133,0.109,5.4,0.316,0.316,0.121,102.57,0.079
Javon Freeman-Liberty,TOR,102.6,120.7,-18.2,0.143,1.6,19.4,0.038,0.141,0.087,12.1,0.484,0.547,0.17,102.12,0.08
Javonte Green,CHI,117.8,112.8,5.0,0.027,0.71,5.5,0.09,0.219,0.154,7.7,0.667,0.681,0.159,98.13,0.121
Javonte Smart,PHI,0.0,150.0,-150.0,0.0,0.0,0.0,0.0,0.0,0.0,0.0,0.0,0.0,0.0,108.0,0.0
Jaxson Hayes,LAL,109.6,114.4,-4.7,0.051,0.77,11.6,0.083,0.149,0.118,15.1,0.72,0.718,0.121,103.15,0.079
Jay Huff,DEN,90.4,98.2,-7.9,0.071,2.0,10.5,0.041,0.167,0.107,5.3,0.7,0.724,0.14,110.94,0.117
Jaylen Brown,BOS,120.2,111.6,8.7,0.165,1.5,13.9,0.037,0.119,0.08,9.3,0.557,0.58,0.283,99.94,0.116
Jaylen Nowell,SAC,103.6,111.0,-7.4,0.137,2.71,17.6,0.026,0.082,0.053,6.5,0.474,0.494,0.176,100.37,0.066
Jaylin Williams,OKC,114.7,107.9,6.8,0.162,3.24,28.2,0.041,0.216,0.131,8.7,0.533,0.561,0.133,101.25,0.096
Jayson Tatum,BOS,121.7,110.5,11.2,0.211,1.94,16.7,0.026,0.187,0.11,8.6,0.552,0.604,0.296,98.64,0.155
Jeff Dowtin Jr.,PHI,111.0,104.1,6.8,0.262,5.4,39.1,0.02,0.114,0.067,7.2,0.681,0.689,0.124,98.52,0.139
Jeff Green,HOU,109.7,112.7,-2.9,0.079,1.52,12.8,0.033,0.099,0.065,8.4,0.529,0.59,0.152,100.77,0.076
Jerami Grant,POR,107.8,117.5,-9.6,0.138,1.31,12.2,0.019,0.087,0.052,9.3,0.516,0.573,0.255,98.26,0.1
Jeremiah Robinson-Earl,NOP,106.2,108.1,-1.9,0.091,1.31,15.1,0.067,0.151,0.109,11.5,0.542,0.564,0.144,102.37,0.09
Jeremy Sochan,SAS,108.1,115.0,-7.0,0.161,1.78,20.3,0.06,0.153,0.106,11.4,0.483,0.513,0.187,101.92,0.082
Jericho Sims,NYK,109.0,109.7,-0.7,0.059,1.56,23.8,0.092,0.153,0.122,15.2,0.691,0.702,0.06,93.66,0.074
Jermaine Samuels Jr.,HOU,104.4,114.0,-9.6,0.06,0.0,16.7,0.05,0.167,0.108,0.0,0.643,0.672,0.098,108.56,0.096
Jerome Robinson,GSW,107.8,95.4,12.4,0.083,2.5,11.1,0.011,0.057,0.034,4.4,0.364,0.41,0.188,104.96,0.034
Jett Howard,ORL,95.2,91.9,3.3,0.162,2.0,14.6,0.016,0.082,0.051,7.3,0.45,0.457,0.22,106.44,0.067
Jevon Carter,CHI,110.0,108.6,1.4,0.129,2.61,18.9,0.01,0.049,0.029,7.2,0.484,0.485,0.168,99.43,0.053
Jimmy Butler III,MIA,116.0,110.5,5.5,0.228,2.92,21.5,0.054,0.106,0.08,7.4,0.537,0.626,0.235,97.23,0.145
Jock Landale,HOU,114.9,105.3,9.6,0.113,2.1,19.6,0.106,0.102,0.104,9.4,0.539,0.584,0.139,102.23,0.092
Joe Harris,DET,104.9,119.4,-14.5,0.079,2.5,18.5,0.017,0.057,0.037,7.4,0.487,0.489,0.104,104.06,0.022
Joe Ingles,ORL,116.1,110.3,5.8,0.217,3.03,40.1,0.017,0.111,0.064,13.2,0.59,0.612,0.111,98.58,0.081
Joel Embiid,PHI,119.8,109.5,10.3,0.315,1.46,15.4,0.074,0.239,0.16,10.6,0.561,0.644,0.387,101.09,0.225
John Collins,UTA,114.2,121.7,-7.5,0.06,0.79,7.7,0.079,0.222,0.149,9.8,0.59,0.621,0.199,101.3,0.111
John Konchar,MEM,106.3,112.2,-5.9,0.13,2.39,29.3,0.058,0.164,0.108,12.3,0.514,0.537,0.096,98.73,0.082
Johnny Davis,WAS,104.9,115.2,-10.3,0.068,2.46,15.3,0.027,0.088,0.056,6.2,0.448,0.462,0.117,105.31,0.036
Johnny Juzang,UTA,114.3,116.1,-1.8,0.086,1.77,15.1,0.018,0.073,0.046,8.6,0.609,0.62,0.147,96.5,0.064
Jonas Valančiūnas,NOP,117.3,113.4,3.9,0.128,1.56,15.8,0.1,0.272,0.189,10.1,0.585,0.619,0.207,98.68,0.135
Jonathan Isaac,ORL,113.0,102.1,10.9,0.047,1.11,8.0,0.083,0.201,0.144,7.2,0.584,0.61,0.16,98.72,0.136
Jonathan Kuminga,GSW,115.1,112.2,2.9,0.123,1.34,12.8,0.047,0.126,0.087,9.6,0.56,0.598,0.237,101.96,0.109
Jontay Porter,DET,105.8,115.0,-9.2,0.226,2.86,30.9,0.071,0.153,0.112,10.8,0.481,0.514,0.155,103.94,0.093
Jordan Clarkson,UTA,113.9,119.7,-5.7,0.247,1.9,21.0,0.028,0.083,0.055,11.1,0.469,0.521,0.255,100.77,0.09
Jordan Ford,SAC,128.9,100.0,28.9,0.118,2.0,18.2,0.0,0.1,0.051,9.1,0.714,0.761,0.184,97.91,0.119
Jordan Goodwin,MEM,105.6,109.7,-4.1,0.219,2.77,25.0,0.077,0.151,0.113,9.0,0.424,0.451,0.182,98.75,0.097
Jordan Hawkins,NOP,113.4,114.3,-0.9,0.084,1.75,11.7,0.024,0.1,0.061,6.7,0.501,0.533,0.188,100.73,0.067
Jordan McLaughlin,MIN,111.1,100.1,11.0,0.229,5.79,38.9,0.029,0.087,0.058,6.7,0.628,0.638,0.119,100.16,0.108
Jordan Miller,LAC,95.2,119.7,-24.4,0.0,0.0,0.0,0.103,0.057,0.078,9.1,0.611,0.658,0.153,105.56,0.084
Jordan Nwora,TOR,103.1,116.8,-13.7,0.134,1.17,14.3,0.038,0.166,0.102,12.2,0.535,0.565,0.213,104.52,0.103
Jordan Poole,WAS,108.4,119.5,-11.1,0.212,1.82,19.1,0.013,0.074,0.043,10.4,0.491,0.529,0.256,104.7,0.076
Jordan Walsh,BOS,120.1,90.2,29.9,0.068,1.67,20.8,0.053,0.153,0.104,12.5,0.467,0.472,0.092,98.33,0.058
Jose Alvarado,NOP,117.3,105.2,12.0,0.154,2.93,22.2,0.024,0.096,0.061,7.6,0.525,0.54,0.168,100.12,0.081
Josh Giddey,OKC,119.6,111.5,8.2,0.252,2.3,26.6,0.058,0.19,0.127,11.6,0.523,0.547,0.223,102.32,0.122
Josh Green,DAL,116.7,118.8,-2.1,0.111,2.17,22.1,0.026,0.096,0.061,10.2,0.575,0.588,0.129,101.44,0.063
Josh Hart,NYK,117.2,110.6,6.6,0.164,2.81,28.1,0.046,0.205,0.123,10.0,0.493,0.522,0.133,95.77,0.1
Josh Minott,MIN,105.5,99.5,6.0,0.119,4.0,15.7,0.039,0.141,0.088,3.9,0.528,0.593,0.173,112.61,0.124
Josh Okogie,PHX,112.8,111.5,1.3,0.091,1.78,18.2,0.079,0.081,0.08,10.3,0.488,0.552,0.125,100.88,0.068
Josh Richardson,MIA,108.7,113.7,-5.0,0.144,2.92,20.7,0.017,0.094,0.056,7.1,0.539,0.573,0.159,98.56,0.08
Joshua Primo,LAC,91.7,104.5,-12.9,0.0,0.0,0.0,0.111,0.0,0.042,57.1,0.333,0.333,0.259,107.53,-0.076
Jrue Holiday,BOS,120.6,110.9,9.7,0.196,2.69,28.3,0.038,0.117,0.079,10.5,0.581,0.597,0.161,98.91,0.099
Juan Toscano-Anderson,SAC,99.1,99.2,-0.1,0.108,2.0,22.2,0.068,0.167,0.118,11.1,0.292,0.292,0.106,104.36,0.013
Jules Bernard,WAS,111.2,104.9,6.3,0.142,2.0,17.6,0.056,0.106,0.079,8.8,0.539,0.544,0.189,105.63,0.086
Julian Champagnie,SAS,109.1,113.5,-4.5,0.093,1.81,17.2,0.028,0.111,0.069,9.5,0.534,0.57,0.14,103.07,0.068
Julian Phillips,CHI,112.1,111.7,0.4,0.052,1.3,12.1,0.035,0.077,0.055,9.3,0.494,0.521,0.121,100.9,0.03
Julian Strawther,DEN,105.6,115.4,-9.8,0.123,2.04,15.4,0.008,0.096,0.052,7.5,0.462,0.482,0.193,102.0,0.055
Julius Randle,NYK,119.7,113.8,6.0,0.217,1.44,16.9,0.059,0.198,0.128,11.7,0.518,0.569,0.287,98.84,0.134
Justin Champagnie,WAS,106.4,117.5,-11.1,0.112,1.9,16.7,0.07,0.141,0.103,8.8,0.494,0.526,0.162,104.86,0.088
Justin Holiday,DEN,112.8,109.1,3.7,0.098,4.79,24.2,0.01,0.069,0.04,5.1,0.595,0.598,0.104,99.78,0.059
Justin Jackson,MIN,0.0,0.0,0.0,0.0,0.0,0.0,0.0,0.0,0.0,0.0,0.0,0.0,0.0,137.14,0.0
Justin Minaya,POR,99.9,108.4,-8.6,0.08,2.33,19.4,0.066,0.072,0.068,8.3,0.378,0.391,0.093,97.64,0.027
Jusuf Nurkić,PHX,120.5,111.3,9.2,0.186,1.72,24.7,0.115,0.284,0.204,14.4,0.528,0.559,0.187,99.9,0.12
KJ Martin,PHI,110.7,110.5,0.2,0.094,1.59,18.1,0.052,0.12,0.085,11.4,0.558,0.563,0.127,101.37,0.058
Kaiser Gates,NOP,81.3,88.2,-7.0,0.0,0.0,0.0,0.0,0.091,0.045,0.0,0.0,0.0,0.222,106.55,-0.15
Karl-Anthony Towns,MIN,116.3,109.1,7.2,0.147,1.07,13.2,0.05,0.204,0.131,12.3,0.575,0.625,0.268,98.37,0.14
Kawhi Leonard,LAC,119.3,111.1,8.2,0.165,2.05,14.9,0.039,0.138,0.091,7.3,0.585,0.626,0.261,97.77,0.154
Keegan Murray,SAC,116.2,113.4,2.7,0.068,2.02,10.6,0.039,0.126,0.081,5.2,0.548,0.569,0.178,99.78,0.082
Keita Bates-Diop,BKN,109.3,113.1,-3.8,0.084,2.53,16.1,0.049,0.118,0.085,6.4,0.497,0.534,0.128,98.77,0.078
Keldon Johnson,SAS,108.5,116.1,-7.7,0.142,1.95,15.6,0.043,0.135,0.088,8.0,0.527,0.565,0.212,103.68,0.098
Kelly Olynyk,TOR,111.7,119.1,-7.3,0.275,2.28,32.3,0.061,0.169,0.116,14.1,0.616,0.661,0.171,102.01,0.116
Kelly Oubre Jr.,PHI,114.1,114.0,0.1,0.072,1.16,8.7,0.043,0.121,0.081,7.5,0.498,0.535,0.22,99.3,0.081
Kendall Brown,IND,84.3,103.8,-19.5,0.135,2.5,19.2,0.045,0.033,0.04,7.7,0.533,0.567,0.135,102.13,0.04
Kenneth Lofton Jr.,UTA,109.4,111.2,-1.8,0.25,2.36,24.4,0.056,0.122,0.089,10.4,0.506,0.537,0.207,103.48,0.096
Kenrich Williams,OKC,115.2,106.7,8.4,0.12,2.91,22.6,0.062,0.14,0.102,7.8,0.568,0.568,0.132,101.18,0.079
Kentavious Caldwell-Pope,DEN,122.4,111.0,11.3,0.09,2.44,20.7,0.014,0.062,0.039,8.5,0.566,0.602,0.126,97.99,0.061
Keon Ellis,SAC,114.4,109.0,5.5,0.115,2.3,23.0,0.031,0.094,0.062,10.0,0.612,0.627,0.123,99.24,0.068
Keon Johnson,BKN,114.8,134.4,-19.5,0.071,0.6,8.6,0.044,0.078,0.059,14.3,0.476,0.59,0.212,100.06,0.061
Kessler Edwards,SAC,98.3,104.6,-6.3,0.084,3.75,14.3,0.029,0.126,0.074,3.8,0.537,0.541,0.134,102.55,0.073
Kevin Durant,PHX,118.1,113.3,4.8,0.213,1.55,16.9,0.016,0.155,0.089,10.9,0.581,0.626,0.283,100.24,0.148
Kevin Huerter,SAC,117.5,115.0,2.5,0.138,3.13,20.8,0.024,0.124,0.073,6.6,0.553,0.564,0.173,101.06,0.077
Kevin Knox II,POR,109.4,117.2,-7.8,0.057,1.05,9.6,0.03,0.108,0.066,9.2,0.546,0.57,0.157,103.16,0.062
Kevin Love,MIA,114.7,108.2,6.5,0.189,2.4,20.1,0.062,0.295,0.178,8.4,0.557,0.597,0.21,99.69,0.144
Kevon Harris,ORL,142.9,133.3,9.5,0.2,1.0,20.0,0.0,0.286,0.2,20.0,0.667,0.667,0.286,115.04,0.053
Kevon Looney,GSW,115.4,114.0,1.4,0.148,2.66,29.4,0.116,0.222,0.169,11.1,0.597,0.62,0.11,99.5,0.102
Keyontae Johnson,OKC,100.0,105.8,-5.8,0.085,1.0,16.7,0.065,0.095,0.08,16.7,0.344,0.344,0.128,100.42,0.015
Keyonte George,UTA,109.6,118.9,-9.3,0.244,1.77,23.3,0.007,0.095,0.051,13.2,0.482,0.533,0.224,100.98,0.081
Khris Middleton,MIL,118.0,114.6,3.4,0.272,2.3,26.3,0.027,0.134,0.083,11.4,0.566,0.595,0.23,102.11,0.117
Killian Hayes,DET,106.5,117.6,-11.1,0.268,4.02,36.8,0.011,0.107,0.059,9.2,0.452,0.474,0.147,102.49,0.077
Kira Lewis Jr.,UTA,99.6,111.1,-11.4,0.223,2.64,24.5,0.031,0.056,0.044,9.3,0.391,0.441,0.178,103.18,0.068
Klay Thompson,GSW,115.8,116.1,-0.3,0.11,1.5,11.9,0.015,0.093,0.054,7.9,0.551,0.576,0.234,101.9,0.09
Kobe Brown,LAC,105.7,116.2,-10.5,0.085,2.78,20.0,0.046,0.105,0.075,7.2,0.489,0.49,0.104,100.45,0.043
Kobe Bufkin,ATL,97.1,105.0,-7.9,0.233,2.7,20.5,0.028,0.13,0.078,7.6,0.418,0.424,0.221,102.12,0.077
Kobi Simmons,TOR,94.2,116.5,-22.3,0.3,12.0,35.3,0.014,0.09,0.051,2.9,0.476,0.476,0.141,98.94,0.102
Kris Dunn,UTA,117.6,117.2,0.4,0.25,3.22,38.4,0.039,0.109,0.074,12.0,0.535,0.546,0.132,102.44,0.078
Kris Murray,POR,106.1,112.1,-6.0,0.083,1.45,15.3,0.057,0.107,0.08,10.5,0.463,0.481,0.136,98.81,0.059
Kristaps Porziņģis,BOS,120.8,109.6,11.2,0.098,1.29,10.6,0.059,0.163,0.115,8.2,0.589,0.647,0.247,100.55,0.138
Kyle Anderson,MIN,110.1,105.1,5.1,0.264,3.64,36.1,0.034,0.116,0.076,9.9,0.472,0.513,0.14,99.95,0.097
Kyle Kuzma,WAS,109.7,120.8,-11.0,0.201,1.54,15.6,0.026,0.17,0.098,10.1,0.521,0.547,0.295,103.56,0.114
Kyle Lowry,PHI,111.4,111.6,-0.3,0.212,2.98,33.9,0.02,0.098,0.058,11.4,0.562,0.594,0.128,97.21,0.077
Kyrie Irving,DAL,119.6,112.6,6.9,0.225,2.82,18.5,0.021,0.116,0.069,6.6,0.573,0.608,0.274,100.89,0.144
LaMelo Ball,CHA,111.8,120.2,-8.4,0.395,2.12,24.3,0.038,0.122,0.078,11.5,0.515,0.561,0.315,103.0,0.133
Lamar Stevens,MEM,105.3,104.0,1.3,0.085,1.17,8.9,0.058,0.148,0.103,7.6,0.479,0.516,0.213,98.4,0.11
Landry Shamet,WAS,109.3,119.2,-9.9,0.104,1.8,14.4,0.021,0.065,0.042,8.0,0.527,0.556,0.181,103.63,0.058
Larry Nance Jr.,NOP,111.7,108.4,3.3,0.129,2.31,26.3,0.079,0.176,0.128,11.4,0.629,0.653,0.112,99.9,0.103
Lauri Markkanen,UTA,117.6,116.9,0.6,0.09,1.43,9.2,0.065,0.176,0.121,6.4,0.578,0.631,0.241,102.49,0.136
LeBron James,LAL,117.4,113.6,3.8,0.358,2.4,26.0,0.026,0.172,0.104,10.8,0.599,0.63,0.285,101.54,0.169
Leaky Black,CHA,105.1,109.2,-4.0,0.117,4.0,27.0,0.031,0.132,0.081,6.7,0.567,0.589,0.099,99.44,0.079
Leonard Miller,MIN,104.9,101.7,3.2,0.2,8.0,26.7,0.089,0.3,0.189,3.3,0.7,0.694,0.157,110.84,0.178
Lester Quinones,GSW,109.6,109.0,0.6,0.126,2.12,17.3,0.047,0.126,0.085,8.2,0.511,0.533,0.171,101.55,0.069
Lindell Wigginton,MIL,64.7,131.3,-66.5,0.0,0.0,0.0,0.0,0.0,0.0,14.3,0.4,0.51,0.412,103.8,0.029
Lindy Waters III,OKC,103.7,111.4,-7.7,0.132,3.43,17.8,0.024,0.113,0.069,5.2,0.649,0.653,0.167,101.41,0.1
Lonnie Walker IV,BKN,111.3,111.8,-0.6,0.113,1.45,11.5,0.013,0.11,0.061,7.9,0.528,0.545,0.235,100.24,0.09
Luguentz Dort,OKC,119.9,112.1,7.8,0.061,1.53,12.4,0.035,0.089,0.063,8.1,0.557,0.593,0.152,101.99,0.06
Luka Dončić,DAL,119.6,113.8,5.8,0.428,2.43,23.9,0.022,0.218,0.121,9.8,0.573,0.617,0.355,101.06,0.2
Luka Garza,MIN,107.9,108.5,-0.6,0.05,0.67,4.2,0.129,0.105,0.119,6.3,0.54,0.576,0.278,108.34,0.098
Luka Samanic,UTA,106.5,112.0,-5.5,0.071,0.68,8.3,0.051,0.177,0.116,12.3,0.421,0.485,0.21,102.97,0.073
Luke Kennard,MEM,106.4,115.2,-8.8,0.212,2.52,26.2,0.011,0.105,0.057,10.4,0.617,0.641,0.166,99.53,0.099
Luke Kornet,BOS,121.8,109.7,12.1,0.089,3.19,21.3,0.117,0.141,0.129,6.7,0.702,0.736,0.107,96.92,0.113
Malachi Flynn,DET,104.8,114.6,-9.8,0.231,2.06,23.7,0.022,0.106,0.062,11.5,0.505,0.533,0.199,99.65,0.088
Malaki Branham,SAS,105.9,117.0,-11.1,0.142,1.71,17.3,0.016,0.074,0.044,10.1,0.506,0.526,0.192,103.72,0.062
Malcolm Brogdon,POR,110.7,114.5,-3.7,0.301,3.57,26.1,0.024,0.108,0.065,7.3,0.522,0.56,0.226,99.51,0.122
Malcolm Cazalon,DET,183.3,100.0,83.3,0.0,0.0,0.0,0.0,0.0,0.0,0.0,0.0,0.0,0.0,111.48,0.0
Malik Beasley,MIL,118.3,112.6,5.8,0.059,2.0,12.0,0.017,0.098,0.059,6.0,0.598,0.603,0.142,102.26,0.065
Malik Monk,SAC,115.2,115.1,0.1,0.29,2.47,24.8,0.014,0.101,0.056,10.0,0.526,0.564,0.247,101.92,0.11
Malik Williams,TOR,93.2,118.1,-24.9,0.029,0.67,5.0,0.127,0.197,0.162,7.5,0.279,0.272,0.148,99.37,0.027
Mamadi Diakite,NYK,90.2,82.7,7.5,0.167,2.0,16.7,0.04,0.111,0.077,8.3,0.667,0.694,0.175,101.17,0.163
Maozinha Pereira,MEM,99.2,96.5,2.7,0.027,0.4,4.3,0.077,0.206,0.138,10.9,0.586,0.609,0.143,101.42,0.126
MarJon Beauchamp,MIL,113.5,114.5,-1.0,0.067,1.15,13.1,0.037,0.123,0.081,11.4,0.578,0.592,0.141,103.51,0.064
Marcus Morris Sr.,CLE,110.7,114.6,-3.9,0.066,1.2,10.3,0.026,0.139,0.08,8.6,0.53,0.558,0.162,98.26,0.072
Marcus Sasser,DET,107.0,115.7,-8.7,0.263,2.62,27.2,0.008,0.085,0.045,10.4,0.516,0.542,0.195,102.01,0.086
Marcus Smart,MEM,108.5,109.2,-0.8,0.211,1.39,21.0,0.009,0.073,0.041,15.1,0.519,0.552,0.225,102.65,0.083
Mark Williams,CHA,115.2,116.4,-1.2,0.059,1.29,10.0,0.143,0.209,0.176,7.7,0.649,0.675,0.162,100.03,0.129
Markelle Fultz,ORL,109.6,109.0,0.6,0.194,2.4,23.6,0.062,0.094,0.078,9.8,0.479,0.492,0.182,98.7,0.086
Markieff Morris,DAL,99.8,115.1,-15.3,0.106,1.33,16.2,0.017,0.152,0.083,12.1,0.449,0.467,0.153,104.7,0.063
Markquis Nowell,TOR,128.6,62.5,66.1,1.0,0.0,50.0,0.5,0.0,0.286,0.0,0.0,0.532,0.222,102.37,0.357
Marques Bolden,CHA,105.1,113.5,-8.5,0.051,1.33,11.8,0.09,0.183,0.14,8.8,0.68,0.691,0.108,100.33,0.103
Marvin Bagley III,WAS,109.5,115.5,-6.0,0.079,0.93,9.5,0.119,0.175,0.146,10.2,0.597,0.629,0.204,102.87,0.122
Mason Jones,SAC,87.7,96.6,-8.9,0.278,2.5,31.3,0.026,0.143,0.076,12.5,0.375,0.394,0.155,100.57,0.065
Mason Plumlee,LAC,115.8,115.5,0.3,0.107,1.53,19.0,0.09,0.244,0.17,12.5,0.569,0.621,0.147,100.71,0.108
Matisse Thybulle,POR,107.7,115.1,-7.4,0.083,2.25,19.6,0.019,0.074,0.046,8.7,0.524,0.537,0.105,99.41,0.061
Matt Hurt,MEM,98.7,104.8,-6.0,0.062,2.0,9.8,0.07,0.06,0.065,4.9,0.426,0.453,0.134,98.34,0.054
Matt Ryan,NOP,107.9,106.5,1.4,0.064,0.95,11.6,0.014,0.079,0.047,12.3,0.615,0.638,0.144,103.84,0.062
Max Christie,LAL,109.2,110.3,-1.1,0.084,1.71,16.8,0.017,0.122,0.073,9.8,0.515,0.544,0.132,104.25,0.063
Max Strus,CLE,115.3,109.7,5.6,0.166,2.53,24.4,0.03,0.117,0.074,9.6,0.533,0.553,0.167,99.71,0.081
Maxi Kleber,DAL,116.5,109.9,6.6,0.099,2.43,25.9,0.035,0.125,0.082,10.6,0.541,0.573,0.096,102.07,0.057
Maxwell Lewis,LAL,73.1,105.8,-32.6,0.109,0.6,15.8,0.018,0.019,0.019,26.3,0.214,0.246,0.127,105.73,-0.031
Micah Potter,UTA,105.9,114.4,-8.4,0.046,1.2,11.1,0.051,0.168,0.11,9.3,0.588,0.609,0.109,99.32,0.08
Michael Porter Jr.,DEN,120.2,112.1,8.1,0.064,1.33,9.1,0.042,0.177,0.111,6.9,0.586,0.601,0.202,97.81,0.106
Mikal Bridges,BKN,111.0,114.3,-3.3,0.163,1.82,15.9,0.022,0.105,0.063,8.7,0.521,0.56,0.238,98.35,0.105
Mike Conley,MIN,113.7,108.0,5.7,0.29,4.4,36.2,0.018,0.081,0.051,8.2,0.595,0.627,0.157,97.38,0.115
Mike Muscala,OKC,106.4,114.0,-7.6,0.082,1.68,16.3,0.062,0.139,0.1,9.7,0.449,0.47,0.132,103.13,0.049
Miles Bridges,CHA,108.0,120.1,-12.1,0.146,1.67,13.9,0.027,0.176,0.099,8.3,0.527,0.556,0.242,98.46,0.111
Miles McBride,NYK,110.6,110.6,0.0,0.131,3.8,18.4,0.022,0.053,0.037,4.9,0.572,0.59,0.164,95.4,0.08
Mitchell Robinson,NYK,117.3,116.2,1.1,0.031,0.72,9.0,0.17,0.173,0.171,12.4,0.575,0.554,0.099,96.67,0.082
Mo Bamba,PHI,107.5,110.5,-3.0,0.083,1.05,13.7,0.095,0.218,0.153,13.0,0.553,0.575,0.149,97.77,0.098
Monte Morris,MIN,113.5,104.1,9.4,0.199,9.86,29.1,0.014,0.105,0.059,3.0,0.493,0.508,0.151,99.42,0.094
Moritz Wagner,ORL,113.9,110.8,3.1,0.109,0.99,11.6,0.087,0.168,0.128,11.7,0.636,0.676,0.22,98.73,0.139
Moses Brown,POR,104.5,118.9,-14.4,0.057,0.64,7.2,0.155,0.254,0.199,11.3,0.508,0.477,0.176,100.45,0.08
Moses Moody,GSW,113.3,110.2,3.1,0.07,1.3,10.2,0.052,0.108,0.079,7.9,0.548,0.578,0.176,100.54,0.087
Mouhamadou Gueye,TOR,80.0,110.9,-30.9,0.081,0.42,8.5,0.087,0.08,0.084,20.3,0.289,0.31,0.189,102.25,0.002
Mouhamed Gueye,ATL,89.9,115.1,-25.2,0.091,4.0,12.9,0.111,0.188,0.143,3.2,0.413,0.468,0.144,104.51,0.079
Moussa Diabaté,LAC,117.7,121.1,-3.4,0.089,2.0,12.5,0.227,0.129,0.176,6.3,0.526,0.576,0.171,96.39,0.141
Myles Turner,IND,120.6,115.5,5.1,0.065,0.92,8.0,0.056,0.198,0.128,8.7,0.587,0.626,0.234,102.52,0.116
Naji Marshall,NOP,115.4,106.8,8.7,0.139,1.97,21.4,0.042,0.142,0.093,10.9,0.542,0.576,0.158,100.71,0.092
Nassir Little,PHX,103.2,112.7,-9.5,0.068,1.5,12.6,0.03,0.12,0.077,8.4,0.544,0.572,0.132,101.49,0.073
Nate Hinton,HOU,109.3,100.0,9.3,0.159,3.33,24.4,0.086,0.169,0.129,7.3,0.558,0.585,0.156,111.71,0.111
Nate Williams,HOU,111.1,104.2,6.9,0.07,1.75,10.6,0.081,0.071,0.075,6.1,0.56,0.565,0.173,105.92,0.09
Nathan Mensah,CHA,94.9,114.5,-19.6,0.043,0.64,15.8,0.087,0.127,0.105,24.6,0.429,0.496,0.068,99.71,0.007
Naz Reid,MIN,111.1,105.5,5.7,0.085,0.95,9.4,0.038,0.17,0.106,9.8,0.576,0.595,0.223,99.83,0.115
Neemias Queta,BOS,128.7,108.3,20.4,0.078,1.54,13.4,0.157,0.195,0.177,8.7,0.644,0.662,0.16,98.67,0.123
Nic Claxton,BKN,108.4,114.1,-5.6,0.107,1.58,16.2,0.088,0.239,0.162,10.3,0.63,0.629,0.156,98.42,0.128
Nick Richards,CHA,106.3,118.2,-11.9,0.046,0.74,9.3,0.097,0.218,0.156,12.5,0.691,0.717,0.131,97.53,0.108
Nick Smith Jr.,CHA,102.4,114.9,-12.4,0.134,1.51,15.0,0.023,0.078,0.049,9.9,0.5,0.511,0.202,97.72,0.056
Nickeil Alexander-Walker,MIN,113.1,105.5,7.6,0.145,2.68,24.1,0.019,0.066,0.043,9.0,0.56,0.578,0.143,99.98,0.071
Nicolas Batum,PHI,117.6,111.9,5.6,0.105,3.2,29.6,0.046,0.115,0.08,9.2,0.596,0.603,0.085,98.51,0.065
Nikola Jokić,DEN,122.4,110.6,11.8,0.391,2.99,27.9,0.086,0.27,0.182,9.3,0.612,0.65,0.288,98.05,0.211
Nikola Jović,MIA,115.8,107.9,7.8,0.14,2.14,20.7,0.029,0.186,0.109,9.7,0.568,0.583,0.171,97.42,0.092
Nikola Vučević,CHI,112.5,115.7,-3.1,0.153,2.12,15.5,0.08,0.229,0.154,7.3,0.522,0.54,0.233,97.36,0.126
Noah Clowney,BKN,104.8,111.7,-6.9,0.074,1.2,12.9,0.066,0.146,0.105,10.8,0.602,0.626,0.137,99.61,0.097
Norman Powell,LAC,118.0,113.0,5.1,0.059,1.24,8.3,0.008,0.085,0.048,6.7,0.594,0.626,0.193,100.37,0.087
OG Anunoby,NYK,118.2,107.2,10.9,0.084,1.32,13.4,0.028,0.091,0.061,10.1,0.577,0.595,0.173,98.71,0.081
Obi Toppin,IND,120.2,116.6,3.6,0.091,1.86,15.7,0.049,0.137,0.093,8.4,0.661,0.677,0.16,104.97,0.101
Ochai Agbaji,TOR,110.1,117.2,-7.1,0.068,1.3,13.8,0.044,0.083,0.063,10.6,0.483,0.497,0.131,101.56,0.046
Olivier Sarr,OKC,106.8,105.8,1.0,0.029,0.67,6.5,0.111,0.241,0.182,9.7,0.632,0.664,0.124,101.42,0.093
Olivier-Maxence Prosper,DAL,99.6,112.8,-13.2,0.095,2.75,14.4,0.062,0.153,0.104,5.2,0.447,0.496,0.153,104.65,0.082
Omer Yurtseven,UTA,104.4,117.2,-12.8,0.084,0.78,11.1,0.117,0.255,0.181,14.2,0.552,0.565,0.173,100.56,0.11
Onuralp Bitim,CHI,106.6,115.1,-8.5,0.069,1.3,11.9,0.022,0.096,0.058,9.2,0.452,0.464,0.149,99.94,0.035
Onyeka Okongwu,ATL,118.1,119.0,-0.9,0.071,1.64,13.9,0.099,0.169,0.132,8.4,0.642,0.674,0.134,103.28,0.094
Orlando Robinson,MIA,113.1,109.6,3.5,0.161,1.89,25.2,0.099,0.189,0.145,13.3,0.556,0.596,0.143,98.39,0.097
Oscar Tshiebwe,IND,114.9,98.9,15.9,0.065,0.0,7.7,0.167,0.229,0.193,0.0,0.5,0.553,0.205,108.21,0.165
Oshae Brissett,BOS,117.2,106.4,10.8,0.089,2.2,17.3,0.089,0.148,0.118,7.9,0.493,0.53,0.136,100.85,0.076
Otto Porter Jr.,TOR,112.2,107.5,4.7,0.058,4.0,18.2,0.032,0.13,0.08,4.5,0.545,0.568,0.083,103.13,0.054
Ousmane Dieng,OKC,110.1,109.0,1.1,0.144,1.95,20.7,0.027,0.105,0.067,10.6,0.513,0.54,0.167,100.42,0.074
P.J. Tucker,LAC,112.4,113.7,-1.3,0.041,2.0,21.3,0.059,0.116,0.088,10.7,0.49,0.507,0.052,98.41,0.031
P.J. Washington,DAL,112.8,115.6,-2.8,0.087,1.47,12.7,0.037,0.147,0.091,8.7,0.518,0.537,0.185,100.49,0.079
Paolo Banchero,ORL,111.9,111.9,0.0,0.254,1.74,18.5,0.029,0.178,0.101,10.6,0.497,0.546,0.292,98.2,0.135
Pascal Siakam,IND,117.6,115.3,2.2,0.189,2.43,17.8,0.052,0.159,0.105,7.4,0.569,0.601,0.25,100.99,0.132
Pat Connaughton,MIL,115.1,115.9,-0.8,0.123,3.29,27.7,0.03,0.112,0.071,8.4,0.553,0.574,0.106,101.34,0.066
Pat Spencer,GSW,96.4,111.1,-14.7,0.278,5.0,50.0,0.065,0.077,0.07,10.0,0.5,0.5,0.077,102.92,0.08
Patrick Baldwin Jr.,WAS,108.4,111.0,-2.5,0.078,1.53,13.6,0.032,0.201,0.116,8.9,0.481,0.502,0.153,104.75,0.072
Patrick Beverley,MIL,110.7,112.2,-1.6,0.205,3.26,30.5,0.033,0.125,0.079,9.4,0.497,0.539,0.141,98.44,0.086
Patrick Williams,CHI,114.3,115.5,-1.2,0.077,1.16,12.9,0.039,0.105,0.071,11.1,0.525,0.553,0.163,97.59,0.066
Patty Mills,MIA,109.8,109.5,0.3,0.108,2.13,18.4,0.02,0.066,0.041,8.6,0.443,0.467,0.152,100.26,0.045
Paul George,LAC,121.2,112.1,9.1,0.157,1.71,14.8,0.016,0.138,0.08,8.7,0.569,0.613,0.264,97.47,0.126
Paul Reed,PHI,116.3,112.0,4.2,0.095,1.63,15.8,0.117,0.194,0.154,9.7,0.561,0.58,0.156,97.81,0.104
Payton Pritchard,BOS,122.8,109.2,13.6,0.208,4.61,28.0,0.038,0.103,0.071,6.1,0.583,0.597,0.168,97.16,0.103
Pete Nance,CLE,61.5,103.8,-42.2,0.0,0.0,0.0,0.0,0.136,0.061,12.5,0.25,0.218,0.138,92.14,-0.042
Peyton Watson,DEN,109.0,109.7,-0.7,0.081,1.48,13.5,0.038,0.121,0.082,9.1,0.516,0.539,0.16,98.88,0.076
Precious Achiuwa,NYK,111.2,112.3,-1.0,0.088,1.17,13.9,0.111,0.182,0.145,11.9,0.529,0.545,0.158,96.4,0.095
Quentin Grimes,DET,108.1,109.1,-0.9,0.094,2.36,15.0,0.013,0.08,0.046,6.3,0.495,0.516,0.155,97.78,0.059
Quenton Jackson,IND,79.2,79.2,0.0,0.286,0.0,50.0,0.0,0.308,0.182,0.0,0.0,0.532,0.083,109.37,0.2
R.J. Hampton,MIA,118.4,107.8,10.6,0.127,2.67,30.8,0.026,0.045,0.036,11.5,0.321,0.336,0.098,98.5,0.003
RJ Barrett,TOR,113.6,116.9,-3.3,0.159,1.53,14.5,0.028,0.14,0.083,9.5,0.547,0.58,0.257,101.83,0.109
RaiQuan Gray,SAS,129.3,113.6,15.7,0.207,6.0,25.0,0.057,0.111,0.088,4.2,0.676,0.676,0.2,100.22,0.149
Rayan Rupert,POR,104.3,114.0,-9.8,0.131,2.0,23.3,0.034,0.115,0.07,11.7,0.422,0.451,0.131,99.68,0.043
Reggie Bullock Jr.,HOU,107.8,113.0,-5.2,0.047,1.5,14.0,0.014,0.157,0.084,9.3,0.579,0.582,0.091,101.98,0.061
Reggie Jackson,DEN,112.0,110.6,1.4,0.24,2.91,25.4,0.018,0.063,0.041,8.7,0.499,0.521,0.209,99.58,0.081
Richaun Holmes,WAS,108.1,115.8,-7.7,0.062,1.04,11.6,0.115,0.198,0.155,11.1,0.561,0.593,0.141,102.35,0.091
Ricky Council IV,PHI,112.5,109.8,2.7,0.08,3.2,9.8,0.046,0.115,0.078,3.0,0.536,0.604,0.208,103.1,0.111
Robert Covington,PHI,115.6,103.6,12.1,0.064,2.18,16.8,0.064,0.127,0.097,7.7,0.536,0.58,0.104,98.87,0.079
Robert Williams III,POR,101.6,114.9,-13.3,0.065,0.71,12.2,0.08,0.227,0.148,17.1,0.654,0.684,0.122,101.25,0.113
Robin Lopez,MIL,95.8,115.9,-20.1,0.087,2.0,15.4,0.045,0.03,0.038,7.7,0.421,0.453,0.139,104.19,0.026
Ron Harper Jr.,TOR,100.0,188.9,-88.9,0.333,0.0,100.0,0.0,0.0,0.0,0.0,0.0,0.0,0.0,111.78,-0.045
Royce O'Neale,PHX,113.6,110.4,3.2,0.149,3.0,25.8,0.029,0.155,0.092,8.6,0.542,0.548,0.134,100.69,0.081
Rudy Gobert,MIN,114.6,106.6,8.0,0.057,0.86,10.1,0.118,0.256,0.191,11.7,0.661,0.675,0.152,97.22,0.136
Rui Hachimura,LAL,116.1,113.5,2.5,0.061,1.76,9.4,0.034,0.121,0.081,5.3,0.609,0.628,0.182,102.01,0.095
Russell Westbrook,LAC,116.5,112.8,3.7,0.285,2.13,25.8,0.062,0.154,0.109,12.2,0.486,0.514,0.239,102.17,0.113
Ryan Arcidiacono,NYK,82.1,80.0,2.1,0.133,2.0,33.3,0.0,0.138,0.075,16.7,0.0,0.0,0.074,100.99,0.008
Ryan Rollins,MIL,118.9,83.4,35.4,0.209,1.75,25.0,0.028,0.133,0.084,14.3,0.574,0.638,0.214,107.9,0.16
Saben Lee,PHX,105.6,101.5,4.1,0.248,3.75,26.8,0.051,0.103,0.079,7.1,0.382,0.492,0.186,102.11,0.101
Saddiq Bey,ATL,118.6,119.1,-0.5,0.058,1.7,9.9,0.075,0.119,0.096,5.8,0.497,0.549,0.163,102.06,0.079
Sam Hauser,BOS,121.3,107.1,14.2,0.062,2.56,12.1,0.025,0.122,0.075,4.7,0.623,0.629,0.146,98.48,0.086
Sam Merrill,CLE,110.8,111.1,-0.3,0.149,5.68,20.4,0.02,0.091,0.055,3.6,0.584,0.598,0.17,97.47,0.09
Sandro Mamukelashvili,SAS,105.4,101.3,4.1,0.158,2.58,20.5,0.088,0.209,0.147,7.9,0.532,0.559,0.169,104.36,0.121
Santi Aldama,MEM,106.2,114.6,-8.3,0.134,2.0,17.1,0.041,0.173,0.105,8.6,0.528,0.539,0.177,98.41,0.1
Sasha Vezenkov,SAC,113.9,112.6,1.3,0.051,1.58,8.3,0.058,0.129,0.093,5.3,0.558,0.569,0.171,102.51,0.084
Scoot Henderson,POR,106.5,119.6,-13.0,0.3,1.58,23.4,0.027,0.083,0.054,14.8,0.44,0.489,0.26,99.15,0.067
Scottie Barnes,TOR,112.6,115.8,-3.2,0.253,2.2,23.1,0.064,0.167,0.115,10.5,0.528,0.566,0.24,101.17,0.132
Scotty Pippen Jr.,MEM,104.6,112.2,-7.5,0.31,1.75,25.7,0.039,0.088,0.063,14.7,0.567,0.596,0.227,100.04,0.106
Seth Curry,CHA,110.6,107.5,3.1,0.1,2.1,15.9,0.028,0.078,0.053,7.6,0.485,0.519,0.159,100.77,0.067
Seth Lundy,ATL,102.7,114.4,-11.7,0.0,0.0,0.0,0.022,0.118,0.072,5.0,0.324,0.373,0.168,102.49,-0.002
Shaedon Sharpe,POR,105.8,116.0,-10.3,0.138,1.31,14.5,0.036,0.116,0.073,11.1,0.475,0.524,0.22,99.67,0.08
Shai Gilgeous-Alexander,OKC,121.0,109.7,11.3,0.287,2.87,19.5,0.026,0.128,0.08,6.8,0.567,0.636,0.317,102.45,0.187
Shake Milton,NYK,104.6,109.4,-4.8,0.149,1.94,19.5,0.023,0.102,0.062,10.1,0.451,0.499,0.173,103.78,0.065
Shaquille Harrison,MEM,46.2,121.4,-75.3,0.0,0.0,0.0,0.0,0.4,0.167,0.0,0.5,0.5,0.154,108.6,0.159
Sidy Cissoko,SAS,105.8,97.1,8.7,0.095,3.33,18.9,0.055,0.082,0.069,5.7,0.5,0.568,0.124,105.25,0.071
Simone Fontecchio,DET,113.0,114.5,-1.5,0.084,1.49,13.6,0.037,0.107,0.071,9.1,0.582,0.6,0.159,102.49,0.077
Skylar Mays,LAL,103.7,114.2,-10.5,0.293,4.25,31.5,0.021,0.082,0.049,7.4,0.447,0.466,0.179,99.6,0.088
Spencer Dinwiddie,LAL,116.8,115.2,1.6,0.217,3.91,30.3,0.014,0.077,0.046,7.7,0.489,0.543,0.161,100.46,0.076
Stanley Umude,DET,104.1,113.8,-9.7,0.053,0.79,9.1,0.027,0.13,0.081,11.6,0.583,0.647,0.15,103.78,0.072
Stephen Curry,GSW,117.3,114.7,2.7,0.241,1.8,17.5,0.015,0.116,0.066,9.7,0.573,0.616,0.302,101.9,0.14
Svi Mykhailiuk,BOS,121.9,103.4,18.5,0.104,2.92,18.6,0.027,0.093,0.061,6.4,0.569,0.575,0.156,98.98,0.077
T.J. McConnell,IND,118.8,115.2,3.7,0.406,3.61,34.9,0.028,0.125,0.076,9.7,0.572,0.586,0.229,103.62,0.152
T.J. Warren,MIN,114.6,97.4,17.2,0.088,2.25,16.1,0.035,0.132,0.081,7.1,0.463,0.479,0.148,104.72,0.067
Taj Gibson,DET,101.9,107.1,-5.3,0.071,2.2,20.4,0.056,0.125,0.089,9.3,0.432,0.449,0.092,101.16,0.03
Talen Horton-Tucker,UTA,112.5,117.9,-5.4,0.265,2.72,23.5,0.02,0.094,0.057,8.6,0.46,0.503,0.234,100.57,0.089
Tari Eason,HOU,112.6,103.1,9.4,0.087,1.35,10.8,0.088,0.203,0.145,8.0,0.513,0.528,0.188,101.43,0.131
Taurean Prince,LAL,113.9,116.5,-2.6,0.073,1.63,15.0,0.01,0.095,0.054,9.2,0.566,0.579,0.134,102.61,0.056
Taylor Hendricks,UTA,110.2,118.2,-8.1,0.051,1.19,10.3,0.053,0.159,0.106,8.7,0.56,0.578,0.135,101.11,0.074
Taze Moore,POR,95.7,122.2,-26.6,0.208,1.67,17.9,0.075,0.108,0.089,10.7,0.447,0.453,0.209,108.3,0.073
Terance Mann,LAC,116.7,114.8,1.9,0.086,2.48,17.0,0.05,0.088,0.07,6.8,0.587,0.615,0.135,97.71,0.071
Terquavion Smith,PHI,112.5,118.4,-5.9,0.194,1.71,17.9,0.0,0.049,0.023,10.4,0.533,0.539,0.242,112.48,0.072
Terry Rozier,MIA,110.2,117.2,-7.0,0.268,3.23,22.5,0.017,0.11,0.062,7.0,0.518,0.555,0.253,98.41,0.117
Terry Taylor,CHI,107.1,104.4,2.7,0.068,1.43,17.2,0.089,0.099,0.094,12.1,0.538,0.558,0.108,100.15,0.061
Thaddeus Young,PHX,114.7,118.7,-3.9,0.178,3.8,30.6,0.105,0.132,0.118,8.1,0.606,0.598,0.125,98.73,0.091
Thanasis Antetokounmpo,MIL,99.4,112.2,-12.8,0.156,1.21,27.4,0.051,0.04,0.045,22.6,0.533,0.518,0.125,101.6,0.021
Theo Maledon,PHX,107.8,121.6,-13.8,0.174,1.56,23.0,0.016,0.093,0.053,14.8,0.321,0.385,0.173,104.35,0.029
Thomas Bryant,MIA,112.8,110.7,2.1,0.079,1.1,10.7,0.093,0.233,0.163,9.8,0.591,0.639,0.187,98.8,0.124
Tim Hardaway Jr.,DAL,115.7,115.8,-0.1,0.094,2.01,11.1,0.01,0.106,0.058,5.5,0.51,0.542,0.22,102.05,0.083
Timmy Allen,MEM,92.6,114.4,-21.8,0.06,2.5,16.1,0.025,0.113,0.061,6.5,0.261,0.272,0.084,99.48,-0.002
Tobias Harris,PHI,117.0,112.4,4.6,0.136,2.33,16.1,0.033,0.156,0.094,6.9,0.535,0.576,0.203,98.94,0.116
Torrey Craig,CHI,111.2,118.4,-7.3,0.074,1.81,16.3,0.062,0.148,0.102,9.0,0.55,0.568,0.121,98.28,0.064
Tosan Evbuomwan,DET,103.6,119.2,-15.6,0.063,1.78,14.8,0.047,0.122,0.082,8.3,0.592,0.616,0.108,99.06,0.064
Toumani Camara,POR,106.9,111.5,-4.6,0.072,1.04,13.3,0.073,0.119,0.095,12.9,0.516,0.547,0.134,99.35,0.065
Trae Young,ATL,116.6,119.1,-2.5,0.435,2.48,29.2,0.011,0.065,0.037,11.8,0.516,0.585,0.289,104.95,0.131
Trayce Jackson-Davis,GSW,114.1,113.0,1.1,0.103,1.67,15.9,0.114,0.172,0.143,9.5,0.702,0.692,0.157,100.82,0.127
Tre Jones,SAS,110.9,111.8,-0.9,0.298,4.12,38.4,0.026,0.104,0.065,9.3,0.558,0.591,0.149,102.72,0.109
Tre Mann,CHA,107.2,114.1,-7.0,0.249,2.54,29.1,0.022,0.132,0.079,11.5,0.533,0.559,0.183,97.33,0.104
Trendon Watford,BKN,109.0,112.8,-3.8,0.148,1.29,16.3,0.059,0.162,0.111,12.7,0.571,0.611,0.203,98.86,0.11
Trent Forrest,ATL,103.3,114.3,-11.0,0.311,4.6,43.8,0.026,0.107,0.064,9.5,0.389,0.426,0.122,98.72,0.073
Trevelin Queen,ORL,107.8,107.6,0.2,0.165,2.57,26.5,0.021,0.101,0.065,10.3,0.408,0.462,0.137,98.34,0.059
Trey Jemison III,MEM,106.5,113.8,-7.3,0.069,0.79,13.0,0.105,0.131,0.117,16.3,0.551,0.582,0.132,98.01,0.066
Trey Lyles,SAC,117.9,110.2,7.7,0.079,1.89,15.7,0.052,0.166,0.109,8.3,0.576,0.596,0.139,100.73,0.085
Trey Murphy III,NOP,115.2,108.2,7.0,0.104,3.65,14.8,0.025,0.139,0.083,4.1,0.579,0.612,0.182,99.46,0.11
Tristan Thompson,CLE,113.3,113.8,-0.5,0.134,1.76,22.9,0.13,0.179,0.155,13.0,0.613,0.567,0.132,97.98,0.091
Tristan Vukcevic,WAS,109.2,98.8,10.4,0.12,1.3,13.1,0.042,0.16,0.109,10.1,0.507,0.554,0.233,105.6,0.094
Troy Brown Jr.,DET,106.4,114.2,-7.7,0.102,2.0,18.0,0.03,0.143,0.086,9.0,0.476,0.51,0.139,100.96,0.07
Ty Jerome,CLE,106.7,143.8,-37.1,0.273,3.0,37.5,0.067,0.0,0.04,12.5,0.5,0.5,0.147,100.43,0.034
TyTy Washington Jr.,MIL,82.4,96.7,-14.3,0.161,2.5,18.5,0.018,0.085,0.048,7.4,0.35,0.35,0.165,105.15,0.05
Tyler Herro,MIA,112.1,111.1,1.0,0.218,2.02,17.8,0.013,0.14,0.078,8.8,0.531,0.558,0.268,98.48,0.119
Tyrese Haliburton,IND,122.4,116.2,6.2,0.444,4.73,37.0,0.016,0.102,0.06,7.8,0.57,0.605,0.239,103.42,0.157
Tyrese Maxey,PHI,118.3,113.2,5.2,0.257,3.73,20.5,0.014,0.085,0.049,5.5,0.524,0.573,0.273,98.52,0.129
Tyus Jones,WAS,110.6,122.5,-11.9,0.331,7.35,39.3,0.01,0.081,0.045,5.4,0.569,0.578,0.161,104.37,0.111
Udoka Azubuike,PHX,105.4,126.5,-21.1,0.038,0.75,8.3,0.096,0.169,0.134,11.1,0.696,0.609,0.121,101.68,0.062
Usman Garuba,GSW,81.4,121.1,-39.7,0.125,0.5,10.0,0.136,0.211,0.171,20.0,0.167,0.218,0.18,109.32,0.032
Vasilije Micic,CHA,111.7,114.8,-3.1,0.307,2.65,34.3,0.013,0.063,0.039,13.0,0.488,0.524,0.189,97.78,0.078
Victor Wembanyama,SAS,107.9,111.2,-3.2,0.213,1.05,14.6,0.074,0.273,0.174,13.9,0.519,0.565,0.312,103.4,0.162
Vince Williams Jr.,MEM,108.4,111.4,-3.0,0.177,1.9,25.0,0.039,0.163,0.099,13.1,0.55,0.597,0.155,99.07,0.096
Vít Krejčí,ATL,117.4,117.7,-0.3,0.114,2.5,28.4,0.02,0.084,0.049,11.4,0.625,0.633,0.098,97.72,0.05
Walker Kessler,UTA,111.4,116.0,-4.5,0.058,0.91,11.6,0.109,0.199,0.155,12.8,0.66,0.663,0.127,100.78,0.109
Wendell Carter Jr.,ORL,110.8,109.6,1.1,0.1,1.4,14.7,0.083,0.207,0.144,10.5,0.6,0.623,0.172,97.46,0.113
Wendell Moore Jr.,MIN,101.7,106.2,-4.5,0.094,1.5,21.4,0.0,0.16,0.075,14.3,0.5,0.5,0.106,114.36,0.069
Wenyen Gabriel,BOS,89.0,96.4,-7.4,0.071,0.38,8.6,0.072,0.22,0.14,22.9,0.386,0.351,0.166,98.35,0.03
Wesley Matthews,ATL,109.3,114.9,-5.6,0.078,2.88,16.5,0.02,0.106,0.061,5.8,0.474,0.511,0.118,101.38,0.048
Xavier Moon,LAC,93.4,107.4,-14.0,0.25,4.2,28.8,0.057,0.079,0.067,6.8,0.348,0.352,0.174,103.65,0.057
Xavier Tillman,BOS,106.6,109.4,-2.9,0.116,2.26,18.6,0.066,0.149,0.105,8.2,0.47,0.472,0.146,99.29,0.078
Yuta Watanabe,MEM,107.4,114.7,-7.3,0.045,0.79,9.5,0.023,0.088,0.056,12.0,0.461,0.474,0.129,99.95,0.03
Zach Collins,SAS,105.0,116.3,-11.4,0.196,1.47,19.2,0.073,0.162,0.117,13.0,0.531,0.565,0.224,102.48,0.095
Zach LaVine,CHI,109.9,115.3,-5.4,0.172,1.88,17.3,0.009,0.134,0.072,9.2,0.531,0.578,0.238,97.91,0.11
Zavier Simpson,DET,98.2,106.8,-8.6,0.231,2.5,27.5,0.02,0.102,0.055,11.0,0.361,0.377,0.161,100.23,0.057
Zeke Nnaji,DEN,102.9,114.8,-11.9,0.08,1.19,13.6,0.099,0.103,0.101,11.4,0.483,0.528,0.15,99.31,0.063
Ziaire Williams,MEM,102.5,112.4,-9.9,0.118,1.14,13.6,0.031,0.138,0.082,12.0,0.474,0.511,0.192,100.4,0.074
Zion Williamson,NOP,114.5,111.6,2.9,0.256,1.82,19.1,0.055,0.127,0.091,10.5,0.573,0.61,0.285,101.34,0.145
